step,tag,value
0,train/box_loss,0.04545168951153755
1,train/box_loss,0.04383017495274544
2,train/box_loss,0.044759150594472885
3,train/box_loss,0.04404337704181671
4,train/box_loss,0.04454958438873291
5,train/box_loss,0.04526957869529724
6,train/box_loss,0.04528266191482544
7,train/box_loss,0.04761332646012306
8,train/box_loss,0.04747522994875908
9,train/box_loss,0.04619234800338745
10,train/box_loss,0.04765794053673744
11,train/box_loss,0.047450847923755646
12,train/box_loss,0.04719613119959831
13,train/box_loss,0.04690603166818619
14,train/box_loss,0.04538396745920181
15,train/box_loss,0.04385252296924591
16,train/box_loss,0.04776250943541527
17,train/box_loss,0.0437198169529438
18,train/box_loss,0.04247710108757019
19,train/box_loss,0.0422750823199749
20,train/box_loss,0.043265752494335175
21,train/box_loss,0.044804975390434265
22,train/box_loss,0.04364217817783356
23,train/box_loss,0.042918186634778976
24,train/box_loss,0.03962407633662224
25,train/box_loss,0.04184278845787048
26,train/box_loss,0.04138607904314995
27,train/box_loss,0.04196108877658844
28,train/box_loss,0.0416426956653595
29,train/box_loss,0.04014773294329643
30,train/box_loss,0.042187754064798355
31,train/box_loss,0.040062315762043
32,train/box_loss,0.03906819224357605
33,train/box_loss,0.04089006781578064
34,train/box_loss,0.041570428758859634
35,train/box_loss,0.040209878236055374
36,train/box_loss,0.03920622169971466
37,train/box_loss,0.038563091307878494
38,train/box_loss,0.03916022554039955
39,train/box_loss,0.03881853446364403
40,train/box_loss,0.04030030593276024
41,train/box_loss,0.038975007832050323
42,train/box_loss,0.03878401964902878
43,train/box_loss,0.039673127233982086
44,train/box_loss,0.038146402686834335
45,train/box_loss,0.03766760230064392
46,train/box_loss,0.039771098643541336
47,train/box_loss,0.03737214580178261
48,train/box_loss,0.03733329847455025
49,train/box_loss,0.03797858580946922
50,train/box_loss,0.03697779029607773
51,train/box_loss,0.03626001253724098
52,train/box_loss,0.038479216396808624
53,train/box_loss,0.034780681133270264
54,train/box_loss,0.03525117412209511
55,train/box_loss,0.03526468947529793
56,train/box_loss,0.035653505474328995
57,train/box_loss,0.035767726600170135
58,train/box_loss,0.036341022700071335
59,train/box_loss,0.034618962556123734
60,train/box_loss,0.03251095861196518
61,train/box_loss,0.03422054275870323
62,train/box_loss,0.03365007042884827
63,train/box_loss,0.03431505337357521
64,train/box_loss,0.03503459319472313
65,train/box_loss,0.03332124277949333
66,train/box_loss,0.03487275540828705
67,train/box_loss,0.033035583794116974
68,train/box_loss,0.03280428797006607
69,train/box_loss,0.033092379570007324
70,train/box_loss,0.03372696414589882
71,train/box_loss,0.032652463763952255
72,train/box_loss,0.03506402298808098
73,train/box_loss,0.03400183841586113
74,train/box_loss,0.03307241201400757
75,train/box_loss,0.03469789773225784
76,train/box_loss,0.03300587832927704
77,train/box_loss,0.03413393348455429
78,train/box_loss,0.03340626507997513
79,train/box_loss,0.03173789381980896
80,train/box_loss,0.03255941718816757
81,train/box_loss,0.03175071254372597
82,train/box_loss,0.03213183209300041
83,train/box_loss,0.030236415565013885
84,train/box_loss,0.03185267373919487
85,train/box_loss,0.030793819576501846
86,train/box_loss,0.031508032232522964
87,train/box_loss,0.03286858648061752
88,train/box_loss,0.031796932220458984
89,train/box_loss,0.030458010733127594
90,train/box_loss,0.03292575478553772
91,train/box_loss,0.03174322098493576
92,train/box_loss,0.031435124576091766
93,train/box_loss,0.030729295685887337
94,train/box_loss,0.03038875386118889
95,train/box_loss,0.03146602213382721
96,train/box_loss,0.03087662160396576
97,train/box_loss,0.030130857601761818
98,train/box_loss,0.03227691352367401
99,train/box_loss,0.03013278916478157
