step,tag,value
0,train/cls_loss,0.01645512878894806
1,train/cls_loss,0.01721581630408764
2,train/cls_loss,0.015998028218746185
3,train/cls_loss,0.013608328998088837
4,train/cls_loss,0.013256381265819073
5,train/cls_loss,0.013648556545376778
6,train/cls_loss,0.01330251432955265
7,train/cls_loss,0.01030055619776249
8,train/cls_loss,0.012389427050948143
9,train/cls_loss,0.010034867562353611
10,train/cls_loss,0.010248774662613869
11,train/cls_loss,0.00990021787583828
12,train/cls_loss,0.011701938696205616
13,train/cls_loss,0.011105380952358246
14,train/cls_loss,0.009859983809292316
15,train/cls_loss,0.009342889301478863
16,train/cls_loss,0.009738365188241005
17,train/cls_loss,0.010006512515246868
18,train/cls_loss,0.009575801901519299
19,train/cls_loss,0.010349205695092678
20,train/cls_loss,0.009673385880887508
21,train/cls_loss,0.008679358288645744
22,train/cls_loss,0.009179586544632912
23,train/cls_loss,0.008159803226590157
24,train/cls_loss,0.009324236772954464
25,train/cls_loss,0.008992951363325119
26,train/cls_loss,0.007762501947581768
27,train/cls_loss,0.007434614468365908
28,train/cls_loss,0.008798124268651009
29,train/cls_loss,0.007967554032802582
30,train/cls_loss,0.006960906088352203
31,train/cls_loss,0.007717072498053312
32,train/cls_loss,0.008417114615440369
33,train/cls_loss,0.007137633860111237
34,train/cls_loss,0.007339293137192726
35,train/cls_loss,0.007168758660554886
36,train/cls_loss,0.007059335242956877
37,train/cls_loss,0.008019805885851383
38,train/cls_loss,0.007979100570082664
39,train/cls_loss,0.006663645152002573
40,train/cls_loss,0.006843803450465202
41,train/cls_loss,0.006961778271943331
42,train/cls_loss,0.007023731246590614
43,train/cls_loss,0.005676743574440479
44,train/cls_loss,0.00638058315962553
45,train/cls_loss,0.006157681345939636
46,train/cls_loss,0.0055990274995565414
47,train/cls_loss,0.005556248128414154
48,train/cls_loss,0.006718085613101721
49,train/cls_loss,0.006468825973570347
50,train/cls_loss,0.005780487786978483
51,train/cls_loss,0.005514036864042282
52,train/cls_loss,0.005979382432997227
53,train/cls_loss,0.005498245358467102
54,train/cls_loss,0.005439943168312311
55,train/cls_loss,0.005873847287148237
56,train/cls_loss,0.006144166458398104
57,train/cls_loss,0.005619547329843044
58,train/cls_loss,0.005511605646461248
59,train/cls_loss,0.005112789571285248
60,train/cls_loss,0.005404300522059202
61,train/cls_loss,0.005154419224709272
62,train/cls_loss,0.0048393672332167625
63,train/cls_loss,0.004864678718149662
64,train/cls_loss,0.00524445716291666
65,train/cls_loss,0.004859582055360079
66,train/cls_loss,0.004772361367940903
67,train/cls_loss,0.004796956200152636
68,train/cls_loss,0.004950779024511576
69,train/cls_loss,0.004996969364583492
70,train/cls_loss,0.005127661395817995
71,train/cls_loss,0.004780616145581007
72,train/cls_loss,0.005580091383308172
73,train/cls_loss,0.00589359924197197
74,train/cls_loss,0.005103662144392729
75,train/cls_loss,0.0051656486466526985
76,train/cls_loss,0.006003838498145342
77,train/cls_loss,0.005476143676787615
78,train/cls_loss,0.005527503788471222
79,train/cls_loss,0.005275106523185968
80,train/cls_loss,0.005876592826098204
81,train/cls_loss,0.005553327966481447
82,train/cls_loss,0.005116540938615799
83,train/cls_loss,0.005432880483567715
84,train/cls_loss,0.005288620945066214
85,train/cls_loss,0.004805884324014187
86,train/cls_loss,0.006062844768166542
87,train/cls_loss,0.005845420528203249
88,train/cls_loss,0.004911225754767656
89,train/cls_loss,0.005229778587818146
90,train/cls_loss,0.006046694237738848
91,train/cls_loss,0.00536778150126338
92,train/cls_loss,0.005389497149735689
93,train/cls_loss,0.005657483357936144
94,train/cls_loss,0.005756295286118984
95,train/cls_loss,0.004730331711471081
96,train/cls_loss,0.005316748283803463
97,train/cls_loss,0.005227135960012674
98,train/cls_loss,0.005747208371758461
99,train/cls_loss,0.004570820834487677
