step,tag,value
0,train/cls_loss,0.01645512878894806
1,train/cls_loss,0.01721581630408764
2,train/cls_loss,0.015998028218746185
3,train/cls_loss,0.013608328998088837
4,train/cls_loss,0.013256381265819073
5,train/cls_loss,0.013648556545376778
6,train/cls_loss,0.01330251432955265
7,train/cls_loss,0.01030055619776249
8,train/cls_loss,0.012389427050948143
9,train/cls_loss,0.010034867562353611
10,train/cls_loss,0.010248774662613869
11,train/cls_loss,0.00990021787583828
12,train/cls_loss,0.011701938696205616
13,train/cls_loss,0.011105380952358246
14,train/cls_loss,0.009859983809292316
15,train/cls_loss,0.009342889301478863
16,train/cls_loss,0.009738365188241005
17,train/cls_loss,0.010006512515246868
18,train/cls_loss,0.009575801901519299
19,train/cls_loss,0.010349205695092678
20,train/cls_loss,0.009673385880887508
21,train/cls_loss,0.008679358288645744
22,train/cls_loss,0.009179586544632912
23,train/cls_loss,0.008159803226590157
24,train/cls_loss,0.009324236772954464
25,train/cls_loss,0.008992951363325119
26,train/cls_loss,0.007762501947581768
27,train/cls_loss,0.007434614468365908
28,train/cls_loss,0.008798124268651009
29,train/cls_loss,0.007967554032802582
30,train/cls_loss,0.006960906088352203
31,train/cls_loss,0.007717072498053312
32,train/cls_loss,0.008417114615440369
33,train/cls_loss,0.007137633860111237
34,train/cls_loss,0.007339293137192726
35,train/cls_loss,0.007168758660554886
36,train/cls_loss,0.007041145581752062
37,train/cls_loss,0.007170712109655142
38,train/cls_loss,0.006446321960538626
39,train/cls_loss,0.006571319419890642
40,train/cls_loss,0.00746532529592514
41,train/cls_loss,0.007022498641163111
42,train/cls_loss,0.00661917869001627
43,train/cls_loss,0.00649394653737545
44,train/cls_loss,0.007059794384986162
45,train/cls_loss,0.006929541938006878
46,train/cls_loss,0.0061199842020869255
47,train/cls_loss,0.006530268583446741
48,train/cls_loss,0.006024418398737907
49,train/cls_loss,0.0058745089918375015
50,train/cls_loss,0.006686765234917402
51,train/cls_loss,0.0067787934094667435
52,train/cls_loss,0.005840797442942858
53,train/cls_loss,0.006170489825308323
54,train/cls_loss,0.007195231970399618
55,train/cls_loss,0.006489595863968134
56,train/cls_loss,0.006548035424202681
57,train/cls_loss,0.006632582284510136
58,train/cls_loss,0.0068312170915305614
59,train/cls_loss,0.005489583592861891
60,train/cls_loss,0.00594888161867857
61,train/cls_loss,0.005617665126919746
62,train/cls_loss,0.006365099921822548
63,train/cls_loss,0.005332374945282936
64,train/cls_loss,0.005266547668725252
65,train/cls_loss,0.00580777321010828
66,train/cls_loss,0.005399823654443026
67,train/cls_loss,0.005413859151303768
68,train/cls_loss,0.005734691396355629
69,train/cls_loss,0.005736074410378933
70,train/cls_loss,0.005475892219692469
71,train/cls_loss,0.00544250663369894
72,train/cls_loss,0.005517278797924519
73,train/cls_loss,0.005491726566106081
74,train/cls_loss,0.005359341390430927
75,train/cls_loss,0.005342172924429178
76,train/cls_loss,0.004742665681988001
77,train/cls_loss,0.00457649165764451
78,train/cls_loss,0.004849821794778109
79,train/cls_loss,0.0049834055826067924
80,train/cls_loss,0.00501579325646162
81,train/cls_loss,0.004971993621438742
82,train/cls_loss,0.005487021990120411
83,train/cls_loss,0.004393571522086859
84,train/cls_loss,0.004770008847117424
85,train/cls_loss,0.0048794872127473354
86,train/cls_loss,0.005096315406262875
87,train/cls_loss,0.004691704176366329
88,train/cls_loss,0.004371758550405502
89,train/cls_loss,0.004803728312253952
90,train/cls_loss,0.005269424058496952
91,train/cls_loss,0.004533225670456886
92,train/cls_loss,0.004666169639676809
93,train/cls_loss,0.004321037791669369
94,train/cls_loss,0.005079510621726513
95,train/cls_loss,0.004255279898643494
96,train/cls_loss,0.004370823968201876
97,train/cls_loss,0.004788483493030071
98,train/cls_loss,0.004734449554234743
99,train/cls_loss,0.004545820876955986
