step,tag,value
0,metrics/precision,0.682364284992218
1,metrics/precision,0.7452886700630188
2,metrics/precision,0.7705212235450745
3,metrics/precision,0.725713312625885
4,metrics/precision,0.7260180115699768
5,metrics/precision,0.7753891348838806
6,metrics/precision,0.7424535155296326
7,metrics/precision,0.7627842426300049
8,metrics/precision,0.7693945169448853
9,metrics/precision,0.7716938853263855
10,metrics/precision,0.7563996315002441
11,metrics/precision,0.7992574572563171
12,metrics/precision,0.7690043449401855
13,metrics/precision,0.800969660282135
14,metrics/precision,0.8081316351890564
15,metrics/precision,0.7742308378219604
16,metrics/precision,0.8382527828216553
17,metrics/precision,0.8456949591636658
18,metrics/precision,0.7783768773078918
19,metrics/precision,0.821749210357666
20,metrics/precision,0.8349164128303528
21,metrics/precision,0.7931848168373108
22,metrics/precision,0.8021270036697388
23,metrics/precision,0.8000369668006897
24,metrics/precision,0.8601279854774475
25,metrics/precision,0.8838152289390564
26,metrics/precision,0.8712623715400696
27,metrics/precision,0.8495445847511292
28,metrics/precision,0.8221545815467834
29,metrics/precision,0.8374704718589783
30,metrics/precision,0.8516037464141846
31,metrics/precision,0.858081579208374
32,metrics/precision,0.8002817630767822
33,metrics/precision,0.8416395783424377
34,metrics/precision,0.8835128545761108
35,metrics/precision,0.8741315007209778
36,metrics/precision,0.9032749533653259
37,metrics/precision,0.9007134437561035
38,metrics/precision,0.8997299671173096
39,metrics/precision,0.892281174659729
40,metrics/precision,0.8530320525169373
41,metrics/precision,0.868302583694458
42,metrics/precision,0.8705697655677795
43,metrics/precision,0.8716633915901184
44,metrics/precision,0.9083477854728699
45,metrics/precision,0.9125518798828125
46,metrics/precision,0.8139728307723999
47,metrics/precision,0.8510321974754333
48,metrics/precision,0.8605781197547913
49,metrics/precision,0.9045771360397339
50,metrics/precision,0.9120853543281555
51,metrics/precision,0.9339723587036133
52,metrics/precision,0.9162665605545044
53,metrics/precision,0.9091824293136597
54,metrics/precision,0.9160062074661255
55,metrics/precision,0.897336483001709
56,metrics/precision,0.8898630738258362
57,metrics/precision,0.8982946872711182
58,metrics/precision,0.9099547863006592
59,metrics/precision,0.9176685214042664
60,metrics/precision,0.9086763262748718
61,metrics/precision,0.9305670261383057
62,metrics/precision,0.9279754161834717
63,metrics/precision,0.9225115776062012
64,metrics/precision,0.9306427240371704
65,metrics/precision,0.914450466632843
66,metrics/precision,0.9375569224357605
67,metrics/precision,0.9278227090835571
68,metrics/precision,0.9307478666305542
69,metrics/precision,0.9256035685539246
70,metrics/precision,0.9285908937454224
71,metrics/precision,0.9326837062835693
72,metrics/precision,0.9249668717384338
73,metrics/precision,0.8775699734687805
74,metrics/precision,0.9312639236450195
75,metrics/precision,0.9232357144355774
76,metrics/precision,0.9217559695243835
77,metrics/precision,0.9234232902526855
78,metrics/precision,0.9371764063835144
79,metrics/precision,0.8871210217475891
80,metrics/precision,0.8975112438201904
81,metrics/precision,0.9000834822654724
82,metrics/precision,0.8981158137321472
83,metrics/precision,0.9096975922584534
84,metrics/precision,0.9145681858062744
85,metrics/precision,0.8966387510299683
86,metrics/precision,0.9042012691497803
87,metrics/precision,0.9043107032775879
88,metrics/precision,0.8936224579811096
89,metrics/precision,0.8851574063301086
90,metrics/precision,0.8802149891853333
91,metrics/precision,0.8861210346221924
92,metrics/precision,0.889477014541626
93,metrics/precision,0.8897140622138977
94,metrics/precision,0.8901548981666565
95,metrics/precision,0.8795087933540344
96,metrics/precision,0.8799761533737183
97,metrics/precision,0.9253315925598145
98,metrics/precision,0.8740480542182922
99,metrics/precision,0.9258508682250977
