step,tag,value
0,train/box_loss,0.04545168951153755
1,train/box_loss,0.04383017495274544
2,train/box_loss,0.044759150594472885
3,train/box_loss,0.04404337704181671
4,train/box_loss,0.04454958438873291
5,train/box_loss,0.04526957869529724
6,train/box_loss,0.04528266191482544
7,train/box_loss,0.04761332646012306
8,train/box_loss,0.04747522994875908
9,train/box_loss,0.04619234800338745
10,train/box_loss,0.04765794053673744
11,train/box_loss,0.047450847923755646
12,train/box_loss,0.04719613119959831
13,train/box_loss,0.04690603166818619
14,train/box_loss,0.04538396745920181
15,train/box_loss,0.04385252296924591
16,train/box_loss,0.04776250943541527
17,train/box_loss,0.0437198169529438
18,train/box_loss,0.04247710108757019
19,train/box_loss,0.0422750823199749
20,train/box_loss,0.043265752494335175
21,train/box_loss,0.044804975390434265
22,train/box_loss,0.04364217817783356
23,train/box_loss,0.042918186634778976
24,train/box_loss,0.03962407633662224
25,train/box_loss,0.04184278845787048
26,train/box_loss,0.04138607904314995
27,train/box_loss,0.04196108877658844
28,train/box_loss,0.0416426956653595
29,train/box_loss,0.04014773294329643
30,train/box_loss,0.042187754064798355
31,train/box_loss,0.040062315762043
32,train/box_loss,0.03906819224357605
33,train/box_loss,0.04089006781578064
34,train/box_loss,0.041570428758859634
35,train/box_loss,0.040209878236055374
36,train/box_loss,0.041017502546310425
37,train/box_loss,0.04058153182268143
38,train/box_loss,0.03899015486240387
39,train/box_loss,0.03981366381049156
40,train/box_loss,0.03800013288855553
41,train/box_loss,0.039451055228710175
42,train/box_loss,0.03932640701532364
43,train/box_loss,0.037339743226766586
44,train/box_loss,0.03922031447291374
45,train/box_loss,0.03719358891248703
46,train/box_loss,0.03706645593047142
47,train/box_loss,0.03613074868917465
48,train/box_loss,0.03692672401666641
49,train/box_loss,0.03603479266166687
50,train/box_loss,0.037770818918943405
51,train/box_loss,0.03751791641116142
52,train/box_loss,0.03689026087522507
53,train/box_loss,0.03586707264184952
54,train/box_loss,0.03633871302008629
55,train/box_loss,0.03636468946933746
56,train/box_loss,0.036019593477249146
57,train/box_loss,0.03592909127473831
58,train/box_loss,0.03464548662304878
59,train/box_loss,0.03505973517894745
60,train/box_loss,0.03491612523794174
61,train/box_loss,0.034024935215711594
62,train/box_loss,0.03640825301408768
63,train/box_loss,0.03411679342389107
64,train/box_loss,0.03494131937623024
65,train/box_loss,0.03376678377389908
66,train/box_loss,0.03207932785153389
67,train/box_loss,0.03259294480085373
68,train/box_loss,0.032974839210510254
69,train/box_loss,0.032932210713624954
70,train/box_loss,0.03353124484419823
71,train/box_loss,0.032615020871162415
72,train/box_loss,0.03238070011138916
73,train/box_loss,0.031229304149746895
74,train/box_loss,0.03297010809183121
75,train/box_loss,0.032808758318424225
76,train/box_loss,0.032774507999420166
77,train/box_loss,0.03157196566462517
78,train/box_loss,0.031097140163183212
79,train/box_loss,0.032439328730106354
80,train/box_loss,0.02940528839826584
81,train/box_loss,0.03211870789527893
82,train/box_loss,0.033658407628536224
83,train/box_loss,0.029734637588262558
84,train/box_loss,0.03149503841996193
85,train/box_loss,0.027968863025307655
86,train/box_loss,0.031996406614780426
87,train/box_loss,0.029314860701560974
88,train/box_loss,0.028956003487110138
89,train/box_loss,0.029647041112184525
90,train/box_loss,0.02982228994369507
91,train/box_loss,0.030466971918940544
92,train/box_loss,0.02892550826072693
93,train/box_loss,0.029409239068627357
94,train/box_loss,0.02977757900953293
95,train/box_loss,0.0275203175842762
96,train/box_loss,0.028429031372070312
97,train/box_loss,0.03014850802719593
98,train/box_loss,0.027852719649672508
99,train/box_loss,0.0303916297852993
